[
 {
  "pk": 1,
  "model": "magic.group",
  "fields": {
   "name": "Spells"
  }
 },
 {
  "pk": 2,
  "model": "magic.group",
  "fields": {
   "name": "CA"
  }
 },
 {
  "pk": 3,
  "model": "magic.group",
  "fields": {
   "name": "CB"
  }
 },
 {
  "pk": 4,
  "model": "magic.group",
  "fields": {
   "name": "CC"
  }
 },
 {
  "pk": 5,
  "model": "magic.group",
  "fields": {
   "name": "Default"
  }
 },
 {
  "pk": 1,
  "model": "magic.artifact",
  "fields": {
   "image": "",
   "percents": 100,
   "group": 5,
   "name": "level-1",
   "title": "Level 1"
  }
 },
 {
  "pk": 2,
  "model": "magic.artifact",
  "fields": {
   "image": "",
   "percents": 100,
   "group": 2,
   "name": "level-1",
   "title": "Level 1"
  }
 },
 {
  "pk": 3,
  "model": "magic.artifact",
  "fields": {
   "image": "",
   "percents": 100,
   "group": 3,
   "name": "level-1",
   "title": "Level 1"
  }
 },
 {
  "pk": 4,
  "model": "magic.artifact",
  "fields": {
   "image": "",
   "percents": 100,
   "group": 4,
   "name": "level-1",
   "title": "Level 1"
  }
 },
 {
  "pk": 5,
  "model": "magic.artifact",
  "fields": {
   "image": "",
   "percents": 100,
   "group": 5,
   "name": "level-2",
   "title": "Level 2"
  }
 },
 {
  "pk": 6,
  "model": "magic.artifact",
  "fields": {
   "image": "",
   "percents": 100,
   "group": 2,
   "name": "level-2",
   "title": "Level 2"
  }
 },
 {
  "pk": 7,
  "model": "magic.artifact",
  "fields": {
   "image": "",
   "percents": 100,
   "group": 3,
   "name": "level-2",
   "title": "Level 2"
  }
 },
 {
  "pk": 8,
  "model": "magic.artifact",
  "fields": {
   "image": "",
   "percents": 100,
   "group": 4,
   "name": "level-2",
   "title": "Level 2"
  }
 },
 {
  "pk": 9,
  "model": "magic.artifact",
  "fields": {
   "image": "",
   "percents": 100,
   "group": 5,
   "name": "level-3",
   "title": "Level 3"
  }
 },
 {
  "pk": 10,
  "model": "magic.artifact",
  "fields": {
   "image": "",
   "percents": 100,
   "group": 2,
   "name": "level-3",
   "title": "Level 3"
  }
 },
 {
  "pk": 11,
  "model": "magic.artifact",
  "fields": {
   "image": "",
   "percents": 100,
   "group": 3,
   "name": "level-3",
   "title": "Level 3"
  }
 },
 {
  "pk": 12,
  "model": "magic.artifact",
  "fields": {
   "image": "",
   "percents": 100,
   "group": 4,
   "name": "level-3",
   "title": "Level 3"
  }
 },
 {
  "pk": 13,
  "model": "magic.artifact",
  "fields": {
   "image": "",
   "percents": 100,
   "group": 5,
   "name": "level-4",
   "title": "Level 4"
  }
 },
 {
  "pk": 14,
  "model": "magic.artifact",
  "fields": {
   "image": "",
   "percents": 100,
   "group": 2,
   "name": "level-4",
   "title": "Level 4"
  }
 },
 {
  "pk": 15,
  "model": "magic.artifact",
  "fields": {
   "image": "",
   "percents": 100,
   "group": 3,
   "name": "level-4",
   "title": "Level 4"
  }
 },
 {
  "pk": 16,
  "model": "magic.artifact",
  "fields": {
   "image": "",
   "percents": 100,
   "group": 4,
   "name": "level-4",
   "title": "Level 4"
  }
 },
 {
  "pk": 17,
  "model": "magic.artifact",
  "fields": {
   "image": "",
   "percents": 100,
   "group": 5,
   "name": "level-5",
   "title": "Level 5"
  }
 },
 {
  "pk": 18,
  "model": "magic.artifact",
  "fields": {
   "image": "",
   "percents": 100,
   "group": 2,
   "name": "level-5",
   "title": "Level 5"
  }
 },
 {
  "pk": 19,
  "model": "magic.artifact",
  "fields": {
   "image": "",
   "percents": 100,
   "group": 3,
   "name": "level-5",
   "title": "Level 5"
  }
 },
 {
  "pk": 20,
  "model": "magic.artifact",
  "fields": {
   "image": "",
   "percents": 100,
   "group": 4,
   "name": "level-5",
   "title": "Level 5"
  }
 },
 {
  "pk": 21,
  "model": "magic.artifact",
  "fields": {
   "image": "",
   "percents": 100,
   "group": 5,
   "name": "level-6",
   "title": "Level 6"
  }
 },
 {
  "pk": 22,
  "model": "magic.artifact",
  "fields": {
   "image": "",
   "percents": 100,
   "group": 2,
   "name": "level-6",
   "title": "Level 6"
  }
 },
 {
  "pk": 23,
  "model": "magic.artifact",
  "fields": {
   "image": "",
   "percents": 100,
   "group": 3,
   "name": "level-6",
   "title": "Level 6"
  }
 },
 {
  "pk": 24,
  "model": "magic.artifact",
  "fields": {
   "image": "",
   "percents": 100,
   "group": 4,
   "name": "level-6",
   "title": "Level 6"
  }
 },
 {
  "pk": 25,
  "model": "magic.artifact",
  "fields": {
   "image": "",
   "percents": 100,
   "group": 5,
   "name": "level-7",
   "title": "Level 7"
  }
 },
 {
  "pk": 26,
  "model": "magic.artifact",
  "fields": {
   "image": "",
   "percents": 100,
   "group": 2,
   "name": "level-7",
   "title": "Level 7"
  }
 },
 {
  "pk": 27,
  "model": "magic.artifact",
  "fields": {
   "image": "",
   "percents": 100,
   "group": 3,
   "name": "level-7",
   "title": "Level 7"
  }
 },
 {
  "pk": 28,
  "model": "magic.artifact",
  "fields": {
   "image": "",
   "percents": 100,
   "group": 4,
   "name": "level-7",
   "title": "Level 7"
  }
 },
 {
  "pk": 29,
  "model": "magic.artifact",
  "fields": {
   "image": "",
   "percents": 100,
   "group": 1,
   "name": "dispell",
   "title": "Cur\u0103\u021b\u0103 toate vr\u0103jile"
  }
 },
 {
  "pk": 30,
  "model": "magic.artifact",
  "fields": {
   "image": "",
   "percents": 100,
   "group": 1,
   "name": "challenge-cannot-be-challenged",
   "title": "Nu poate fi provocat"
  }
 },
 {
  "pk": 31,
  "model": "magic.artifact",
  "fields": {
   "image": "",
   "percents": 100,
   "group": 1,
   "name": "challenge-cannot-challenge",
   "title": "Nu poate provoca"
  }
 },
 {
  "pk": 32,
  "model": "magic.artifact",
  "fields": {
   "image": "",
   "percents": 50,
   "group": 1,
   "name": "challenge-affect-scoring",
   "title": "C\u00e2\u0219tig\u0103 cu 50% mai mult"
  }
 },
 {
  "pk": 33,
  "model": "magic.artifact",
  "fields": {
   "image": "",
   "percents": -25,
   "group": 1,
   "name": "challenge-affect-scoring",
   "title": "C\u00e2\u0219tig\u0103 cu 25% mai pu\u021bin"
  }
 },
 {
  "pk": 34,
  "model": "magic.artifact",
  "fields": {
   "image": "",
   "percents": 100,
   "group": 1,
   "name": "challenge-affect-scoring",
   "title": "C\u00e2\u0219tig\u0103 cu 100% mai mult"
  }
 },
 {
  "pk": 35,
  "model": "magic.artifact",
  "fields": {
   "image": "",
   "percents": 150,
   "group": 1,
   "name": "challenge-affect-scoring",
   "title": "C\u00e2\u0219tig\u0103 cu 150% mai mult"
  }
 },
 {
  "pk": 36,
  "model": "magic.artifact",
  "fields": {
   "image": "",
   "percents": -50,
   "group": 1,
   "name": "challenge-affect-scoring",
   "title": "C\u00e2\u0219tig\u0103 cu 50% mai pu\u021bin"
  }
 },
 {
  "pk": 37,
  "model": "magic.artifact",
  "fields": {
   "image": "",
   "percents": -75,
   "group": 1,
   "name": "challenge-affect-scoring",
   "title": "C\u00e2\u0219tig\u0103 cu 75% mai pu\u021bin"
  }
 },
 {
  "pk": 38,
  "model": "magic.artifact",
  "fields": {
   "image": "",
   "percents": 100,
   "group": 1,
   "name": "challenge-always-lose",
   "title": "Pierde mereu"
  }
 },
 {
  "pk": 39,
  "model": "magic.artifact",
  "fields": {
   "image": "",
   "percents": 100,
   "group": 1,
   "name": "cure",
   "title": "Vindec\u0103"
  }
 },
 {
  "pk": 40,
  "model": "magic.artifact",
  "fields": {
   "image": "",
   "percents": 100,
   "group": 1,
   "name": "curse",
   "title": "Blesteam\u0103"
  }
 },
 {
  "pk": 41,
  "model": "magic.artifact",
  "fields": {
   "image": "",
   "percents": 100,
   "group": 1,
   "name": "immunity",
   "title": "Imunitate"
  }
 },
 {
  "pk": 29,
  "model": "magic.spell",
  "fields": {
   "due_days": 3,
   "price": 100.0,
   "type": "o",
   "description": "\u00cenl\u0103tur\u0103 toate vr\u0103jile active pe juc\u0103torul pe care este aplicat\u0103."
  }
 },
 {
  "pk": 30,
  "model": "magic.spell",
  "fields": {
   "due_days": 3,
   "price": 10.0,
   "type": "n",
   "description": "Nu permite provocarea juc\u0103torului pe care este aplicat\u0103."
  }
 },
 {
  "pk": 31,
  "model": "magic.spell",
  "fields": {
   "due_days": 3,
   "price": 10.0,
   "type": "n",
   "description": "Nu las\u0103 utilizatorul pe care este aplicat\u0103 s\u0103 provoace."
  }
 },
 {
  "pk": 32,
  "model": "magic.spell",
  "fields": {
   "due_days": 1,
   "price": 10.0,
   "type": "p",
   "description": "Modific\u0103 punctajul provoc\u0103rilor, ad\u0103ug\u00e2nd 50% la punctajul aferent provoc\u0103rilor."
  }
 },
 {
  "pk": 33,
  "model": "magic.spell",
  "fields": {
   "due_days": 1,
   "price": 10.0,
   "type": "n",
   "description": "Modific\u0103 punctajul ob\u021binut din provoc\u0103ri sc\u0103z\u00e2nd un sfert."
  }
 },
 {
  "pk": 34,
  "model": "magic.spell",
  "fields": {
   "due_days": 1,
   "price": 30.0,
   "type": "p",
   "description": "Dubleaz\u0103 c\u00e2\u0219tigurile din provoc\u0103ri."
  }
 },
 {
  "pk": 35,
  "model": "magic.spell",
  "fields": {
   "due_days": 1,
   "price": 50.0,
   "type": "p",
   "description": "M\u0103re\u0219te c\u00e2\u0219tigurile din provoc\u0103ri cu 150%."
  }
 },
 {
  "pk": 36,
  "model": "magic.spell",
  "fields": {
   "due_days": 1,
   "price": 20.0,
   "type": "n",
   "description": "Pierde jum\u0103tate din punctajul oferit la provoc\u0103ri."
  }
 },
 {
  "pk": 37,
  "model": "magic.spell",
  "fields": {
   "due_days": 1,
   "price": 40.0,
   "type": "n",
   "description": "C\u00e2\u0219tig\u0103 cu trei sferturi mai pu\u021bin din provoc\u0103ri."
  }
 },
 {
  "pk": 38,
  "model": "magic.spell",
  "fields": {
   "due_days": 3,
   "price": 25.0,
   "type": "n",
   "description": "Face juc\u0103torul s\u0103 piard\u0103 indiferent de r\u0103spunsurile pe care le d\u0103 el sau adversarul s\u0103u."
  }
 },
 {
  "pk": 39,
  "model": "magic.spell",
  "fields": {
   "due_days": 1,
   "price": 50.0,
   "type": "o",
   "description": "Cur\u0103\u021b\u0103 toate vr\u0103jile negative active pe juc\u0103torul pe care se aplic\u0103."
  }
 },
 {
  "pk": 40,
  "model": "magic.spell",
  "fields": {
   "due_days": 3,
   "price": 100.0,
   "type": "n",
   "description": "Juc\u0103torul afectat de blestem nu va mai fi afectat de vr\u0103jile pozitive sau neutre. De asemenea, nu poate s\u0103 foloseasc\u0103 vr\u0103jile pe care le are."
  }
 },
 {
  "pk": 41,
  "model": "magic.spell",
  "fields": {
   "due_days": 3,
   "price": 90.0,
   "type": "p",
   "description": "Face juc\u0103torul c\u0103ruia i se aplic\u0103 imun la orice fel de vr\u0103ji."
  }
 },
 {
  "pk": "points",
  "model": "scoring.coin",
  "fields": {
   "owner": null,
   "integer": false,
   "name": "points"
  }
 },
 {
  "pk": "gold",
  "model": "scoring.coin",
  "fields": {
   "owner": null,
   "integer": true,
   "name": "gold"
  }
 },
 {
  "pk": "qotd-ok",
  "model": "scoring.formula",
  "fields": {
   "owner": "QotdGame",
   "formula": "points=3",
   "description": "Points earned on a correct answer"
  }
 },
 {
  "pk": "chall-won",
  "model": "scoring.formula",
  "fields": {
   "owner": "ChallengeGame",
   "formula": "points=3",
   "description": "Points earned when winning a challenge"
  }
 },
 {
  "pk": "chall-lost",
  "model": "scoring.formula",
  "fields": {
   "owner": "ChallengeGame",
   "formula": "points=-1",
   "description": "Points earned when losing a challenge"
  }
 },
 {
  "pk": "chall-draw",
  "model": "scoring.formula",
  "fields": {
   "owner": "ChallengeGame",
   "formula": "points=1",
   "description": "Points earned when drawing a challenge"
  }
 },
 {
  "pk": "quest-ok",
  "model": "scoring.formula",
  "fields": {
   "owner": "QuestGame",
   "formula": "points={level}",
   "description": "Points earned when finishing a level. Arguments: level."
  }
 },
 {
  "pk": "quest-finish-ok",
  "model": "scoring.formula",
  "fields": {
   "owner": "QuestGame",
   "formula": "points=10",
   "description": "Bonus points earned when finishing the entire quest. No arguments."
  }
 },
 {
  "pk": "specialquest-passed",
  "model": "scoring.formula",
  "fields": {
   "owner": "SpecialQuestGame",
   "formula": "gold={value}",
   "description": "Points earned when finishing a task. Arguments: value."
  }
 },
 {
  "pk": "buy-spell",
  "model": "scoring.formula",
  "fields": {
   "owner": null,
   "formula": "gold=-{price}",
   "description": "Gold spent on spells"
  }
 },
 {
  "pk": "gold-points-rate",
  "model": "scoring.formula",
  "fields": {
   "owner": null,
   "formula": "points={gold}*9,gold=-{gold}",
   "description": "Exchange gold in points"
  }
 },
 {
  "pk": "points-gold-rate",
  "model": "scoring.formula",
  "fields": {
   "owner": null,
   "formula": "points=-{points},gold={points}*0.1",
   "description": "Exchange points in gold"
  }
 },
 {
  "pk": "bonus-gold",
  "model": "scoring.formula",
  "fields": {
   "owner": null,
   "formula": "gold={gold}",
   "description": "Give bonus gold to the poor people"
  }
 },
 {
  "pk": "theme",
  "model": "config.setting",
  "fields": {
   "value": "default"
  }
 },
 {
  "pk": "disable-QotdGame",
  "model": "config.setting",
  "fields": {
   "value": ""
  }
 },
 {
  "pk": "disable-SpecialQuestGame",
  "model": "config.setting",
  "fields": {
   "value": ""
  }
 },
 {
  "pk": "disable-Top",
  "model": "config.setting",
  "fields": {
   "value": ""
  }
 },
 {
  "pk": "disable-Qproposal",
  "model": "config.setting",
  "fields": {
   "value": "True"
  }
 },
 {
  "pk": "title",
  "model": "config.setting",
  "fields": {
   "value": "World of USO v5"
  }
 },
 {
  "pk": "intro",
  "model": "config.setting",
  "fields": {
   "value": ""
  }
 },
 {
  "pk": "hidden_footer",
  "model": "config.setting",
  "fields": {
   "value": ""
  }
 },
 {
  "pk": "logo",
  "model": "config.setting",
  "fields": {
   "value": ""
  }
 },
 {
  "pk": "disable-ChallengeGame",
  "model": "config.setting",
  "fields": {
   "value": ""
  }
 },
 {
  "pk": "disable-QuestGame",
  "model": "config.setting",
  "fields": {
   "value": ""
  }
 }
]