[
 {
  "pk": 2,
  "model": "magic.artifactgroup",
  "fields": {
   "name": "CA"
  }
 },
 {
  "pk": 3,
  "model": "magic.artifactgroup",
  "fields": {
   "name": "CB"
  }
 },
 {
  "pk": 4,
  "model": "magic.artifactgroup",
  "fields": {
   "name": "CC"
  }
 },
 {
  "pk": 1,
  "model": "magic.artifactgroup",
  "fields": {
   "name": "Default"
  }
 },
 {
  "pk": 1,
  "model": "magic.artifact",
  "fields": {
   "image": "",
   "percents": 100,
   "group": 5,
   "name": "level-1",
   "title": "Level 1"
  }
 },
 {
  "pk": 2,
  "model": "magic.artifact",
  "fields": {
   "image": "",
   "percents": 100,
   "group": 2,
   "name": "level-1",
   "title": "Level 1"
  }
 },
 {
  "pk": 3,
  "model": "magic.artifact",
  "fields": {
   "image": "",
   "percents": 100,
   "group": 3,
   "name": "level-1",
   "title": "Level 1"
  }
 },
 {
  "pk": 4,
  "model": "magic.artifact",
  "fields": {
   "image": "",
   "percents": 100,
   "group": 4,
   "name": "level-1",
   "title": "Level 1"
  }
 },
 {
  "pk": 5,
  "model": "magic.artifact",
  "fields": {
   "image": "",
   "percents": 100,
   "group": 5,
   "name": "level-2",
   "title": "Level 2"
  }
 },
 {
  "pk": 6,
  "model": "magic.artifact",
  "fields": {
   "image": "",
   "percents": 100,
   "group": 2,
   "name": "level-2",
   "title": "Level 2"
  }
 },
 {
  "pk": 7,
  "model": "magic.artifact",
  "fields": {
   "image": "",
   "percents": 100,
   "group": 3,
   "name": "level-2",
   "title": "Level 2"
  }
 },
 {
  "pk": 8,
  "model": "magic.artifact",
  "fields": {
   "image": "",
   "percents": 100,
   "group": 4,
   "name": "level-2",
   "title": "Level 2"
  }
 },
 {
  "pk": 9,
  "model": "magic.artifact",
  "fields": {
   "image": "",
   "percents": 100,
   "group": 5,
   "name": "level-3",
   "title": "Level 3"
  }
 },
 {
  "pk": 10,
  "model": "magic.artifact",
  "fields": {
   "image": "",
   "percents": 100,
   "group": 2,
   "name": "level-3",
   "title": "Level 3"
  }
 },
 {
  "pk": 11,
  "model": "magic.artifact",
  "fields": {
   "image": "",
   "percents": 100,
   "group": 3,
   "name": "level-3",
   "title": "Level 3"
  }
 },
 {
  "pk": 12,
  "model": "magic.artifact",
  "fields": {
   "image": "",
   "percents": 100,
   "group": 4,
   "name": "level-3",
   "title": "Level 3"
  }
 },
 {
  "pk": 13,
  "model": "magic.artifact",
  "fields": {
   "image": "",
   "percents": 100,
   "group": 5,
   "name": "level-4",
   "title": "Level 4"
  }
 },
 {
  "pk": 14,
  "model": "magic.artifact",
  "fields": {
   "image": "",
   "percents": 100,
   "group": 2,
   "name": "level-4",
   "title": "Level 4"
  }
 },
 {
  "pk": 15,
  "model": "magic.artifact",
  "fields": {
   "image": "",
   "percents": 100,
   "group": 3,
   "name": "level-4",
   "title": "Level 4"
  }
 },
 {
  "pk": 16,
  "model": "magic.artifact",
  "fields": {
   "image": "",
   "percents": 100,
   "group": 4,
   "name": "level-4",
   "title": "Level 4"
  }
 },
 {
  "pk": 17,
  "model": "magic.artifact",
  "fields": {
   "image": "",
   "percents": 100,
   "group": 5,
   "name": "level-5",
   "title": "Level 5"
  }
 },
 {
  "pk": 18,
  "model": "magic.artifact",
  "fields": {
   "image": "",
   "percents": 100,
   "group": 2,
   "name": "level-5",
   "title": "Level 5"
  }
 },
 {
  "pk": 19,
  "model": "magic.artifact",
  "fields": {
   "image": "",
   "percents": 100,
   "group": 3,
   "name": "level-5",
   "title": "Level 5"
  }
 },
 {
  "pk": 20,
  "model": "magic.artifact",
  "fields": {
   "image": "",
   "percents": 100,
   "group": 4,
   "name": "level-5",
   "title": "Level 5"
  }
 },
 {
  "pk": 21,
  "model": "magic.artifact",
  "fields": {
   "image": "",
   "percents": 100,
   "group": 5,
   "name": "level-6",
   "title": "Level 6"
  }
 },
 {
  "pk": 22,
  "model": "magic.artifact",
  "fields": {
   "image": "",
   "percents": 100,
   "group": 2,
   "name": "level-6",
   "title": "Level 6"
  }
 },
 {
  "pk": 23,
  "model": "magic.artifact",
  "fields": {
   "image": "",
   "percents": 100,
   "group": 3,
   "name": "level-6",
   "title": "Level 6"
  }
 },
 {
  "pk": 24,
  "model": "magic.artifact",
  "fields": {
   "image": "",
   "percents": 100,
   "group": 4,
   "name": "level-6",
   "title": "Level 6"
  }
 },
 {
  "pk": 25,
  "model": "magic.artifact",
  "fields": {
   "image": "",
   "percents": 100,
   "group": 5,
   "name": "level-7",
   "title": "Level 7"
  }
 },
 {
  "pk": 26,
  "model": "magic.artifact",
  "fields": {
   "image": "",
   "percents": 100,
   "group": 2,
   "name": "level-7",
   "title": "Level 7"
  }
 },
 {
  "pk": 27,
  "model": "magic.artifact",
  "fields": {
   "image": "",
   "percents": 100,
   "group": 3,
   "name": "level-7",
   "title": "Level 7"
  }
 },
 {
  "pk": 28,
  "model": "magic.artifact",
  "fields": {
   "image": "",
   "percents": 100,
   "group": 4,
   "name": "level-7",
   "title": "Level 7"
  }
 },
 {
  "pk": 30,
  "model": "magic.spell",
  "fields": {
   "due_days": 3,
   "description": "Nu permite provocarea juc\u0103torului pe care este aplicat\u0103.",
   "title": "Nu poate fi provocat",
   "image": "",
   "percents": 100,
   "type": "n",
   "price": 10.0,
   "name": "challenge-cannot-be-challenged"
  }
 },
 {
  "pk": 31,
  "model": "magic.spell",
  "fields": {
   "due_days": 3,
   "description": "Nu las\u0103 utilizatorul pe care este aplicat\u0103 s\u0103 provoace.",
   "title": "Nu poate provoca",
   "image": "",
   "percents": 100,
   "type": "n",
   "price": 10.0,
   "name": "challenge-cannot-challenge"
  }
 },
 {
  "pk": 32,
  "model": "magic.spell",
  "fields": {
   "due_days": 1,
   "description": "Modific\u0103 punctajul provoc\u0103rilor, ad\u0103ug\u00e2nd 50% la punctajul aferent provoc\u0103rilor.",
   "title": "C\u00e2\u0219tig\u0103 cu 50% mai mult",
   "image": "",
   "percents": 50,
   "type": "p",
   "price": 10.0,
   "name": "challenge-affect-scoring"
  }
 },
 {
  "pk": 33,
  "model": "magic.spell",
  "fields": {
   "due_days": 1,
   "description": "Modific\u0103 punctajul ob\u021binut din provoc\u0103ri sc\u0103z\u00e2nd un sfert.",
   "title": "C\u00e2\u0219tig\u0103 cu 25% mai pu\u021bin",
   "image": "",
   "percents": -25,
   "type": "n",
   "price": 10.0,
   "name": "challenge-affect-scoring"
  }
 },
 {
  "pk": 34,
  "model": "magic.spell",
  "fields": {
   "due_days": 1,
   "description": "Dubleaz\u0103 c\u00e2\u0219tigurile din provoc\u0103ri.",
   "title": "C\u00e2\u0219tig\u0103 cu 100% mai mult",
   "image": "",
   "percents": 100,
   "type": "p",
   "price": 30.0,
   "name": "challenge-affect-scoring"
  }
 },
 {
  "pk": 35,
  "model": "magic.spell",
  "fields": {
   "due_days": 1,
   "description": "M\u0103re\u0219te c\u00e2\u0219tigurile din provoc\u0103ri cu 150%.",
   "title": "C\u00e2\u0219tig\u0103 cu 150% mai mult",
   "image": "",
   "percents": 150,
   "type": "p",
   "price": 50.0,
   "name": "challenge-affect-scoring"
  }
 },
 {
  "pk": 36,
  "model": "magic.spell",
  "fields": {
   "due_days": 1,
   "description": "Pierde jum\u0103tate din punctajul oferit la provoc\u0103ri.",
   "title": "C\u00e2\u0219tig\u0103 cu 50% mai pu\u021bin",
   "image": "",
   "percents": -50,
   "type": "n",
   "price": 20.0,
   "name": "challenge-affect-scoring"
  }
 },
 {
  "pk": 37,
  "model": "magic.spell",
  "fields": {
   "due_days": 1,
   "description": "C\u00e2\u0219tig\u0103 cu trei sferturi mai pu\u021bin din provoc\u0103ri.",
   "title": "C\u00e2\u0219tig\u0103 cu 75% mai pu\u021bin",
   "image": "",
   "percents": -75,
   "type": "n",
   "price": 40.0,
   "name": "challenge-affect-scoring"
  }
 },
 {
  "pk": 38,
  "model": "magic.spell",
  "fields": {
   "due_days": 3,
   "description": "Face juc\u0103torul s\u0103 piard\u0103 indiferent de r\u0103spunsurile pe care le d\u0103 el sau adversarul s\u0103u.",
   "title": "Pierde mereu",
   "image": "",
   "percents": 100,
   "type": "n",
   "price": 25.0,
   "name": "challenge-always-lose"
  }
 },
 {
  "pk": 39,
  "model": "magic.spell",
  "fields": {
   "due_days": 1,
   "description": "Cur\u0103\u021b\u0103 toate vr\u0103jile negative active pe juc\u0103torul pe care se aplic\u0103.",
   "title": "Vindec\u0103",
   "image": "",
   "percents": 100,
   "type": "o",
   "price": 50.0,
   "name": "cure"
  }
 },
 {
  "pk": 40,
  "model": "magic.spell",
  "fields": {
   "due_days": 3,
   "description": "Juc\u0103torul afectat de blestem nu va mai fi afectat de vr\u0103jile pozitive sau neutre. De asemenea, nu poate s\u0103 foloseasc\u0103 vr\u0103jile pe care le are.",
   "title": "Blesteam\u0103",
   "image": "",
   "percents": 100,
   "type": "n",
   "price": 100.0,
   "name": "curse"
  }
 },
 {
  "pk": 41,
  "model": "magic.spell",
  "fields": {
   "due_days": 3,
   "description": "Face juc\u0103torul c\u0103ruia i se aplic\u0103 imun la orice fel de vr\u0103ji.",
   "title": "Imunitate",
   "image": "",
   "percents": 100,
   "type": "p",
   "price": 90.0,
   "name": "immunity"
  }
 },
 {
  "pk": 42,
  "model": "magic.spell",
  "fields": {
   "due_days": 1,
   "description": "\u00cenl\u0103tur\u0103 toate vr\u0103jile active pe juc\u0103torul pe care este aplicat\u0103.",
   "title": "Cur\u0103\u021b\u0103 toate vr\u0103jile",
   "image": "",
   "percents": 100,
   "type": "o",
   "price": 100.0,
   "name": "dispell"
  }
 },
 {
  "pk": 43,
  "model": "magic.spell",
  "fields": {
   "due_days": 1,
   "description": "Fur\u0103 3 puncte de la un juc\u0103tor.",
   "title": "Fur\u0103 3 puncte",
   "image": "",
   "percents": 100,
   "type": "n",
   "price": 7.0,
   "name": "steal"
  }
 },
 {
  "pk": 44,
  "model": "magic.spell",
  "fields": {
   "due_days": 1,
   "description": "Fur\u0103 6 puncte de la un juc\u0103tor.",
   "title": "Fur\u0103 6 puncte",
   "image": "",
   "percents": 100,
   "type": "n",
   "price": 12.0,
   "name": "steal"
  }
 },
 {
  "pk": 45,
  "model": "magic.spell",
  "fields": {
   "due_days": 1,
   "description": "Fur\u0103 9 puncte de la un juc\u0103tor.",
   "title": "Fur\u0103 9 puncte",
   "image": "",
   "percents": 100,
   "type": "n",
   "price": 15.0,
   "name": "steal"
  }
 },
 {
  "pk": "points",
  "model": "scoring.coin",
  "fields": {
   "owner": null,
   "integer": false,
   "name": "points"
  }
 },
 {
  "pk": "gold",
  "model": "scoring.coin",
  "fields": {
   "owner": null,
   "integer": true,
   "name": "gold"
  }
 },
 {
  "pk": "qotd-ok",
  "model": "scoring.formula",
  "fields": {
   "owner": "QotdGame",
   "formula": "points=3",
   "description": "Points earned on a correct answer"
  }
 },
 {
  "pk": "chall-won",
  "model": "scoring.formula",
  "fields": {
   "owner": "ChallengeGame",
   "formula": "points=6",
   "description": "Points earned when winning a challenge"
  }
 },
 {
  "pk": "chall-lost",
  "model": "scoring.formula",
  "fields": {
   "owner": "ChallengeGame",
   "formula": "points=2",
   "description": "Points earned when losing a challenge"
  }
 },
 {
  "pk": "chall-draw",
  "model": "scoring.formula",
  "fields": {
   "owner": "ChallengeGame",
   "formula": "points=4",
   "description": "Points earned when drawing a challenge"
  }
 },
 {
  "pk": "chall-warranty",
  "model": "scoring.formula",
  "fields": {
   "owner": "ChallengeGame",
   "formula": "points=-3",
   "description": "Points taken as a warranty for challenge"
  }
 },
 {
  "pk": "chall-warranty-return",
  "model": "scoring.formula",
  "fields": {
   "owner": "ChallengeGame",
   "formula": "points=3",
   "description": "Points given back as a warranty taken for challenge"
  }
 },
 {
  "pk": "chall-timer",
  "model": "scoring.formula",
  "fields": {
   "owner": "ChallengeGame",
   "formula": "tlimit=300 - 5 * ({level} - 1)",
   "description": "Seconds left for a user in challenge"
  }
 },
 {
  "pk": "quest-ok",
  "model": "scoring.formula",
  "fields": {
   "owner": "QuestGame",
   "formula": "points={level}",
   "description": "Points earned when finishing a level. Arguments: level."
  }
 },
 {
  "pk": "quest-finish-ok",
  "model": "scoring.formula",
  "fields": {
   "owner": "QuestGame",
   "formula": "points=10",
   "description": "Bonus points earned when finishing the entire quest. No arguments."
  }
 },
 {
  "pk": "finalquest-ok",
  "model": "scoring.formula",
  "fields": {
   "owner": "QuestGame",
   "formula": "points={level}+{level_users}",
   "description": "Bonus points earned when finishing the final quest. Arguments: level, level_users"
  }
 },
 {
  "pk": "specialquest-passed",
  "model": "scoring.formula",
  "fields": {
   "owner": "SpecialQuestGame",
   "formula": "gold={value}",
   "description": "Points earned when finishing a task. Arguments: value."
  }
 },
 {
  "pk": "buy-spell",
  "model": "scoring.formula",
  "fields": {
   "owner": null,
   "formula": "gold=-{price}",
   "description": "Gold spent on spells"
  }
 },
 {
  "pk": "gold-points-rate",
  "model": "scoring.formula",
  "fields": {
   "owner": null,
   "formula": "points={gold}*9;gold=-{gold}",
   "description": "Exchange gold in points"
  }
 },
 {
  "pk": "points-gold-rate",
  "model": "scoring.formula",
  "fields": {
   "owner": null,
   "formula": "points=-{points};gold={points}*0.1",
   "description": "Exchange points in gold"
  }
 },
 {
  "pk": "bonus-gold",
  "model": "scoring.formula",
  "fields": {
   "owner": null,
   "formula": "gold={gold}",
   "description": "Give bonus gold to the poor people"
  }
 },
 {
  "pk": "bonus-points",
  "model": "scoring.formula",
  "fields": {
   "owner": null,
   "formula": "points={points}",
   "description": "Give bonus points"
  }
 },
 {
  "pk": "steal-points",
  "model": "scoring.formula",
  "fields": {
   "owner": null,
   "formula": "points={points}",
   "description": "Steal points using spells"
  }
 },
 {
  "pk": "penalty-points",
  "model": "scoring.formula",
  "fields": {
   "owner": null,
   "formula": "points=-{points}",
   "description": "Take back points from user"
  }
 },
 {
  "pk": "default_group",
  "model": "config.setting",
  "fields": {
   "value": "1"
  }
 },
 {
  "pk": "default_race",
  "model": "config.setting",
  "fields": {
   "value": "1"
  }
 },
 {
  "pk": "test",
  "model": "config.setting",
  "fields": {
   "value": "test"
  }
 },
 {
  "pk": "title",
  "model": "config.setting",
  "fields": {
   "value": "World of USO v5 - In Omnia Paratus"
  }
 },
 {
  "pk": "intro",
  "model": "config.setting",
  "fields": {
   "value": "<b>World of USO</b> e un joc simplu realizat pentru studen\u021bii cursului de <b>USO</b> (Utilizarea Sistemelor de Operare) din <a href=\"http://acs.pub.ro/\" target=\"_blank\">Facultatea de Automatic\u0103 \u0219i Calculatoare</a> a <a href=\"http://www.pub.ro/\" target=\"_blank\">Universit\u0103\u021bii Politehnica Bucure\u0219ti</a>. <b>World of USO</b> are 3 p\u0103r\u021bi: <b>Question of the Day</b>, <b>Challenge</b> \u0219i <b>The Quest</b>."
  }
 },
 {
  "pk": "theme",
  "model": "config.setting",
  "fields": {
   "value": "blackout"
  }
 },
 {
  "pk": "disable-Chat",
  "model": "config.setting",
  "fields": {
   "value": "True"
  }
 },
 {
  "pk": "disable-Qproposal",
  "model": "config.setting",
  "fields": {
   "value": "True"
  }
 },
 {
  "pk": "disable-QotdGame",
  "model": "config.setting",
  "fields": {
   "value": ""
  }
 },
 {
  "pk": "disable-SpecialQuestGame",
  "model": "config.setting",
  "fields": {
   "value": ""
  }
 },
 {
  "pk": "disable-Top",
  "model": "config.setting",
  "fields": {
   "value": ""
  }
 },
 {
  "pk": "extrainfo",
  "model": "config.setting",
  "fields": {
   "value": "Folosi\u021bi contul de pe <b>cs.curs.pub.ro</b> pentru a v\u0103 autentifica. Dac\u0103 ave\u021bi probleme, contacta\u021bi-ne la <b>wouso@rosedu.org</b>"
  }
 },
 {
  "pk": "hidden_footer",
  "model": "config.setting",
  "fields": {
   "value": ""
  }
 },
 {
  "pk": "logo",
  "model": "config.setting",
  "fields": {
   "value": ""
  }
 },
 {
  "pk": "disable-Magic",
  "model": "config.setting",
  "fields": {
   "value": ""
  }
 },
 {
  "pk": "disable-Bazaar-Exchange",
  "model": "config.setting",
  "fields": {
   "value": "True"
  }
 },
 {
  "pk": "disable_login",
  "model": "config.setting",
  "fields": {
   "value": ""
  }
 },
 {
  "pk": "enable_header_autoreload",
  "model": "config.setting",
  "fields": {
   "value": ""
  }
 },
 {
  "pk": "default_series",
  "model": "config.setting",
  "fields": {
   "value": "1"
  }
 },
 {
  "pk": "disable_header_autoreload",
  "model": "config.setting",
  "fields": {
   "value": "True"
  }
 },
 {
  "pk": "disable-ChallengeGame",
  "model": "config.setting",
  "fields": {
   "value": ""
  }
 },
 {
  "pk": "disable-QuestGame",
  "model": "config.setting",
  "fields": {
   "value": ""
  }
 },
 {
  "pk": 0,
  "model": "pages.staticpage",
  "fields": {
   "html_contents": "The story starts here.",
   "hidden": false,
   "title": "Povestea",
   "slug": "poveste",
   "name": "Povestea"
  }
 },
 {
  "pk": 1,
  "model": "pages.staticpage",
  "fields": {
   "html_contents": "<p>\r\n\tYou can find us on one of the following:\r\n\t<br /><br />\r\n\t<a href=\"http://lists.rosedu.org/cgi-bin/mailman/listinfo/rosedu-general\" target=\"_blank\">rosedu-general</a> mailing list;\r\n\t<br />\r\n\t<a href=\"http://webchat.freenode.net/?channels=rosedu\" target=\"_blank\">#rosedu</a> IRC channel on <a href=\"http://freenode.net/\" target=\"_blank\">Freenode</a>;\r\n\t<br />\r\n\t<a href=\"http://projects.rosedu.org/projects/wousodjango\" target=\"_blank\">Redmine project</a> and <a href=\"#\">git repo</a>.\r\n</p>\r\n\r\n<iframe src=\"//www.facebook.com/plugins/likebox.php?href=http%3A%2F%2Fwww.facebook.com%2Fpages%2FWorld-of-USO%2F286034231424804&amp;width=300&amp;colorscheme=dark&amp;show_faces=false&amp;border_color&amp;stream=false&amp;header=false&amp;height=62&amp;appId=149686905091779\" scrolling=\"no\" frameborder=\"0\" style=\"border:none; overflow:hidden; width:300px; height:62px;\" allowTransparency=\"true\"></iframe>",
   "hidden": false,
   "title": "Contact us",
   "slug": "contact",
   "name": "Contact"
  }
 },
 {
  "pk": 2,
  "model": "pages.staticpage",
  "fields": {
   "html_contents": "<h3>Development</h3>\r\n\r\n<div class=\"spacer-small\">\r\n\t<!-- -->\r\n</div><!-- .spacer-small -->\r\n\r\n<a href=\"http://alex.eftimie.ro/\" target=\"_blank\" title=\"Alex Eftimie\"><img class=\"avatar\" height=\"80\" src=\"http://www.gravatar.com/avatar/49bd6ade5bea5cea998ec50d76047c29.jpg\" width=\"80\" /></a>\r\n<a href=\"#\" title=\"Mihnea Dobrescu-Balaur\"><img class=\"avatar\" height=\"80\" src=\"http://www.gravatar.com/avatar/959c3839e720a10d4885f40dbf941797.jpg\" width=\"80\" /></a>\r\n<a href=\"#\" title=\"Mircea-\u0218tefan Ghideu\"><img class=\"avatar\" height=\"80\" src=\"http://www.gravatar.com/avatar/eaba5c724e366351f8925ed4fa0743f3.jpg\" width=\"80\" /></a>\r\n\r\n<div class=\"clear spacer-small\">\r\n\t<!-- -->\r\n</div><!-- .clear .spacer-small -->\r\n\r\n<p>\u0219i <a href=\"http://projects.rosedu.org/projects/wousodjango/\" target=\"_blank\">mul\u021bi al\u021bii</a>.</p>\r\n\r\n<div class=\"spacer\">\r\n\t<!-- -->\r\n</div><!-- .spacer -->\r\n\r\n<h3>Design</h3>\r\n\r\n<div class=\"spacer-small\">\r\n\t<!-- -->\r\n</div><!-- .spacer-small -->\r\n\r\n<a href=\"http://swarm.cs.pub.ro/~cdogaru/\" target=\"_blank\" title=\"C\u0103t\u0103lin Dogaru\"><img class=\"avatar\" height=\"80\" src=\"http://www.gravatar.com/avatar/b01691dcb932148802ef78c12bfcd7b8.jpg\" width=\"80\" /></a>\r\n\r\n<div class=\"clear spacer-small\">\r\n\t<!-- -->\r\n</div><!-- .clear .spacer-small -->\r\n\r\n<p>\u0219i <a href=\"#\" title=\"Dorian Dogaru\">Dorian Dogaru</a>.</p>\r\n\r\n<div class=\"spacer\">\r\n\t<!-- -->\r\n</div><!-- .spacer -->\r\n\r\n<h3>Poveste \u0219i con\u021binut</h3>\r\n\r\n<p><a href=\"http://swarm.cs.pub.ro/~razvan/blog/\" title=\"R\u0103zvan Deaconescu\">R\u0103zvan Deaconescu</a> \u0219i echipa <a href=\"#\">wouso-content</a>.</p>",
   "hidden": false,
   "title": "Credits",
   "slug": "credits",
   "name": "Credits"
  }
 }
]