[
 {
  "pk": 1,
  "model": "magic.artifactgroup",
  "fields": {
   "name": "Default"
  }
 },
 {
  "pk": 2,
  "model": "magic.artifactgroup",
  "fields": {
   "name": "CA"
  }
 },
 {
  "pk": 3,
  "model": "magic.artifactgroup",
  "fields": {
   "name": "CB"
  }
 },
 {
  "pk": 4,
  "model": "magic.artifactgroup",
  "fields": {
   "name": "CC"
  }
 },
 {
  "pk": 1,
  "model": "magic.artifact",
  "fields": {
   "group": 2,
   "description": null,
   "title": "Level-1",
   "image": "",
   "percents": 100,
   "name": "level-1"
  }
 },
 {
  "pk": 2,
  "model": "magic.artifact",
  "fields": {
   "group": 3,
   "description": null,
   "title": "Level-1",
   "image": "",
   "percents": 100,
   "name": "level-1"
  }
 },
 {
  "pk": 3,
  "model": "magic.artifact",
  "fields": {
   "group": 4,
   "description": null,
   "title": "Level-1",
   "image": "",
   "percents": 100,
   "name": "level-1"
  }
 },
 {
  "pk": 4,
  "model": "magic.artifact",
  "fields": {
   "group": 2,
   "description": null,
   "title": "Level-2",
   "image": "",
   "percents": 100,
   "name": "level-2"
  }
 },
 {
  "pk": 5,
  "model": "magic.artifact",
  "fields": {
   "group": 3,
   "description": null,
   "title": "Level-2",
   "image": "",
   "percents": 100,
   "name": "level-2"
  }
 },
 {
  "pk": 6,
  "model": "magic.artifact",
  "fields": {
   "group": 4,
   "description": null,
   "title": "Level-2",
   "image": "",
   "percents": 100,
   "name": "level-2"
  }
 },
 {
  "pk": 7,
  "model": "magic.artifact",
  "fields": {
   "group": 2,
   "description": null,
   "title": "Level-3",
   "image": "",
   "percents": 100,
   "name": "level-3"
  }
 },
 {
  "pk": 8,
  "model": "magic.artifact",
  "fields": {
   "group": 3,
   "description": null,
   "title": "Level-3",
   "image": "",
   "percents": 100,
   "name": "level-3"
  }
 },
 {
  "pk": 9,
  "model": "magic.artifact",
  "fields": {
   "group": 4,
   "description": null,
   "title": "Level-3",
   "image": "",
   "percents": 100,
   "name": "level-3"
  }
 },
 {
  "pk": 10,
  "model": "magic.artifact",
  "fields": {
   "group": 2,
   "description": null,
   "title": "Level-4",
   "image": "",
   "percents": 100,
   "name": "level-4"
  }
 },
 {
  "pk": 11,
  "model": "magic.artifact",
  "fields": {
   "group": 3,
   "description": null,
   "title": "Level-4",
   "image": "",
   "percents": 100,
   "name": "level-4"
  }
 },
 {
  "pk": 12,
  "model": "magic.artifact",
  "fields": {
   "group": 4,
   "description": null,
   "title": "Level-4",
   "image": "",
   "percents": 100,
   "name": "level-4"
  }
 },
 {
  "pk": 13,
  "model": "magic.artifact",
  "fields": {
   "group": 2,
   "description": null,
   "title": "Level-5",
   "image": "",
   "percents": 100,
   "name": "level-5"
  }
 },
 {
  "pk": 14,
  "model": "magic.artifact",
  "fields": {
   "group": 3,
   "description": null,
   "title": "Level-5",
   "image": "",
   "percents": 100,
   "name": "level-5"
  }
 },
 {
  "pk": 15,
  "model": "magic.artifact",
  "fields": {
   "group": 4,
   "description": null,
   "title": "Level-5",
   "image": "",
   "percents": 100,
   "name": "level-5"
  }
 },
 {
  "pk": 16,
  "model": "magic.artifact",
  "fields": {
   "group": 2,
   "description": null,
   "title": "Level-6",
   "image": "",
   "percents": 100,
   "name": "level-6"
  }
 },
 {
  "pk": 17,
  "model": "magic.artifact",
  "fields": {
   "group": 3,
   "description": null,
   "title": "Level-6",
   "image": "",
   "percents": 100,
   "name": "level-6"
  }
 },
 {
  "pk": 18,
  "model": "magic.artifact",
  "fields": {
   "group": 4,
   "description": null,
   "title": "Level-6",
   "image": "",
   "percents": 100,
   "name": "level-6"
  }
 },
 {
  "pk": 19,
  "model": "magic.artifact",
  "fields": {
   "group": 2,
   "description": null,
   "title": "Level-7",
   "image": "",
   "percents": 100,
   "name": "level-7"
  }
 },
 {
  "pk": 20,
  "model": "magic.artifact",
  "fields": {
   "group": 3,
   "description": null,
   "title": "Level-7",
   "image": "",
   "percents": 100,
   "name": "level-7"
  }
 },
 {
  "pk": 21,
  "model": "magic.artifact",
  "fields": {
   "group": 4,
   "description": null,
   "title": "Level-7",
   "image": "",
   "percents": 100,
   "name": "level-7"
  }
 },
 {
  "pk": "points",
  "model": "scoring.coin",
  "fields": {
   "owner": null,
   "integer": false,
   "name": "points"
  }
 },
 {
  "pk": "gold",
  "model": "scoring.coin",
  "fields": {
   "owner": null,
   "integer": true,
   "name": "gold"
  }
 },
 {
  "pk": "penalty",
  "model": "scoring.coin",
  "fields": {
   "owner": null,
   "integer": false,
   "name": "penalty"
  }
 },
 {
  "pk": "qotd-ok",
  "model": "scoring.formula",
  "fields": {
   "owner": "QotdGame",
   "formula": "points=40 + (10 if {hour} < 12 else -10)",
   "description": "Points earned on a correct answer. Arguments: hour of the day."
  }
 },
 {
  "pk": "quest-ok",
  "model": "scoring.formula",
  "fields": {
   "owner": "QuestGame",
   "formula": "points={level}*10",
   "description": "Points earned when finishing a level. Arguments: level."
  }
 },
 {
  "pk": "quest-finish-ok",
  "model": "scoring.formula",
  "fields": {
   "owner": "QuestGame",
   "formula": "points=0",
   "description": "Bonus points earned when finishing the entire quest. No arguments."
  }
 },
 {
  "pk": "finalquest-ok",
  "model": "scoring.formula",
  "fields": {
   "owner": "QuestGame",
   "formula": "points=100",
   "description": "Bonus points earned when finishing the final quest. Arguments: level, level_users"
  }
 },
 {
  "pk": "specialquest-passed",
  "model": "scoring.formula",
  "fields": {
   "owner": "SpecialQuestGame",
   "formula": "gold={value}",
   "description": "Points earned when finishing a task. Arguments: value."
  }
 },
 {
  "pk": "chall-won",
  "model": "scoring.formula",
  "fields": {
   "owner": "ChallengeGame",
   "formula": "points=60+{different_race}*10+{different_class}*10",
   "description": "Points earned when winning a challenge. Arguments: different_race (int 0,1), different_class (int 0,1)"
  }
 },
 {
  "pk": "chall-lost",
  "model": "scoring.formula",
  "fields": {
   "owner": "ChallengeGame",
   "formula": "points=0",
   "description": "Points earned when losing a challenge"
  }
 },
 {
  "pk": "chall-draw",
  "model": "scoring.formula",
  "fields": {
   "owner": "ChallengeGame",
   "formula": "points=30",
   "description": "Points earned when drawing a challenge"
  }
 },
 {
  "pk": "chall-warranty",
  "model": "scoring.formula",
  "fields": {
   "owner": "ChallengeGame",
   "formula": "points=-30",
   "description": "Points taken as a warranty for challenge"
  }
 },
 {
  "pk": "chall-warranty-return",
  "model": "scoring.formula",
  "fields": {
   "owner": "ChallengeGame",
   "formula": "points=30",
   "description": "Points given back as a warranty taken for challenge"
  }
 },
 {
  "pk": "chall-timer",
  "model": "scoring.formula",
  "fields": {
   "owner": "ChallengeGame",
   "formula": "tlimit=300 - 5 * ({level} - 1)",
   "description": "Seconds left for a user in challenge"
  }
 },
 {
  "pk": "start-points",
  "model": "scoring.formula",
  "fields": {
   "owner": null,
   "formula": "points=420",
   "description": "Points received at the start of the game"
  }
 },
 {
  "pk": "buy-spell",
  "model": "scoring.formula",
  "fields": {
   "owner": null,
   "formula": "gold=-{price}",
   "description": "Gold spent on spells"
  }
 },
 {
  "pk": "gold-points-rate",
  "model": "scoring.formula",
  "fields": {
   "owner": null,
   "formula": "points={gold}*3;gold=-{gold}",
   "description": "Exchange gold in points"
  }
 },
 {
  "pk": "points-gold-rate",
  "model": "scoring.formula",
  "fields": {
   "owner": null,
   "formula": "points=-{points};gold={points}*0.1",
   "description": "Exchange points in gold"
  }
 },
 {
  "pk": "bonus-gold",
  "model": "scoring.formula",
  "fields": {
   "owner": null,
   "formula": "gold={gold}",
   "description": "Give bonus gold to the poor people"
  }
 },
 {
  "pk": "bonus-points",
  "model": "scoring.formula",
  "fields": {
   "owner": null,
   "formula": "points={points}",
   "description": "Give bonus points"
  }
 },
 {
  "pk": "steal-points",
  "model": "scoring.formula",
  "fields": {
   "owner": null,
   "formula": "points={points}",
   "description": "Steal points using spells"
  }
 },
 {
  "pk": "penalty-points",
  "model": "scoring.formula",
  "fields": {
   "owner": null,
   "formula": "points=-{points}",
   "description": "Take back points from user"
  }
 },
 {
  "pk": "level-gold",
  "model": "scoring.formula",
  "fields": {
   "owner": null,
   "formula": "gold=10*{level}",
   "description": "Bonus gold on level upgrade"
  }
 },
 {
  "pk": "general-infraction",
  "model": "scoring.formula",
  "fields": {
   "owner": null,
   "formula": "penalty=10",
   "description": "Give penalty points to suspicious users"
  }
 },
 {
  "pk": "chall-was-set-up-infraction",
  "model": "scoring.formula",
  "fields": {
   "owner": null,
   "formula": "penalty=20",
   "description": "Give penalty points for losing a challenge on purpose"
  }
 },
 {
  "pk": "default_group",
  "model": "config.setting",
  "fields": {
   "value": ""
  }
 },
 {
  "pk": "default_race",
  "model": "config.setting",
  "fields": {
   "value": "1"
  }
 },
 {
  "pk": "test",
  "model": "config.setting",
  "fields": {
   "value": "test"
  }
 },
 {
  "pk": "title",
  "model": "config.setting",
  "fields": {
   "value": "World of USO v4 - piranha"
  }
 },
 {
  "pk": "intro",
  "model": "config.setting",
  "fields": {
   "value": "World of USO e un joc simplu realizat pentru studen\u021bii cursului de USO (Utilizarea Sistemelor de Operare) din Facultatea de Automatic\u0103 \u0219i Calculatoare a Universit\u0103\u021bii Politehnica Bucure\u0219ti.\r\n\r\nWorld of USO are 3 p\u0103r\u021bi: Question of the Day, Challenge \u0219i The Quest"
  }
 },
 {
  "pk": "disable-Chat",
  "model": "config.setting",
  "fields": {
   "value": ""
  }
 },
 {
  "pk": "disable-Qproposal",
  "model": "config.setting",
  "fields": {
   "value": ""
  }
 },
 {
  "pk": "theme",
  "model": "config.setting",
  "fields": {
   "value": ""
  }
 },
 {
  "pk": "disable-QotdGame",
  "model": "config.setting",
  "fields": {
   "value": ""
  }
 },
 {
  "pk": "disable-SpecialQuestGame",
  "model": "config.setting",
  "fields": {
   "value": ""
  }
 },
 {
  "pk": "disable-Top",
  "model": "config.setting",
  "fields": {
   "value": ""
  }
 },
 {
  "pk": "disable-chall-was-set-up-SecurityRule",
  "model": "config.setting",
  "fields": {
   "value": ""
  }
 },
 {
  "pk": "disable-login-multiple-account-SecurityRule",
  "model": "config.setting",
  "fields": {
   "value": ""
  }
 },
 {
  "pk": "disable-reported-user-SecutiryRule",
  "model": "config.setting",
  "fields": {
   "value": ""
  }
 },
 {
  "pk": "wousocron_lastrun",
  "model": "config.setting",
  "fields": {
   "value": ""
  }
 },
 {
  "pk": 1,
  "model": "pages.staticpage",
  "fields": {
   "html_contents": "You can find us on one of the following:\r\n\r\n<ul>\r\n<li><a href=\"http://lists.rosedu.org/cgi-bin/mailman/listinfo/rosedu-general\">rosedu-general mailing list</a></li>\r\n<li>#rosedu IRC channel on Freenode</li>\r\n<li><a href=\"http://projects.rosedu.org/projects/wousodjango\">Redmine project</a> and git repo</li>\r\n</ul>",
   "hidden": false,
   "title": "Contact us",
   "slug": "contact",
   "name": "Contact"
  }
 },
 {
  "pk": 1,
  "model": "user.race",
  "fields": {
   "can_play": false,
   "name": "Others",
   "title": ""
  }
 },
 {
  "pk": 2,
  "model": "user.race",
  "fields": {
   "can_play": true,
   "name": "CC",
   "title": "Nifes"
  }
 },
 {
  "pk": 3,
  "model": "user.race",
  "fields": {
   "can_play": true,
   "name": "CA",
   "title": "Oxynia"
  }
 },
 {
  "pk": 4,
  "model": "user.race",
  "fields": {
   "can_play": true,
   "name": "CB",
   "title": "Zota"
  }
 },
 {
  "pk": 1,
  "model": "user.playergroup",
  "fields": {
   "name": "311CC",
   "parent": 2,
   "title": "Ghilda Minerilor",
   "players": [],
   "points": 0.0,
   "owner": null
  }
 },
 {
  "pk": 2,
  "model": "user.playergroup",
  "fields": {
   "name": "312CC",
   "parent": 2,
   "title": "Ghilda Artizanilor",
   "players": [],
   "points": 0.0,
   "owner": null
  }
 },
 {
  "pk": 3,
  "model": "user.playergroup",
  "fields": {
   "name": "313CC",
   "parent": 2,
   "title": "Ghilda Constructorilor",
   "players": [],
   "points": 0.0,
   "owner": null
  }
 },
 {
  "pk": 4,
  "model": "user.playergroup",
  "fields": {
   "name": "314CC",
   "parent": 2,
   "title": "Ghilda Mestesugarilor",
   "players": [],
   "points": 0.0,
   "owner": null
  }
 },
 {
  "pk": 5,
  "model": "user.playergroup",
  "fields": {
   "name": "315CC",
   "parent": 2,
   "title": "Ghilda Inventatorilor",
   "players": [],
   "points": 0.0,
   "owner": null
  }
 },
 {
  "pk": 6,
  "model": "user.playergroup",
  "fields": {
   "name": "311CA",
   "parent": 3,
   "title": "Academia Ashurbanipal",
   "players": [],
   "points": 0.0,
   "owner": null
  }
 },
 {
  "pk": 7,
  "model": "user.playergroup",
  "fields": {
   "name": "312CA",
   "parent": 3,
   "title": "Academia Burnell",
   "players": [],
   "points": 0.0,
   "owner": null
  }
 },
 {
  "pk": 8,
  "model": "user.playergroup",
  "fields": {
   "name": "313CA",
   "parent": 3,
   "title": "Academia Cekhov",
   "players": [],
   "points": 0.0,
   "owner": null
  }
 },
 {
  "pk": 9,
  "model": "user.playergroup",
  "fields": {
   "name": "314CA",
   "parent": 3,
   "title": "Academia Dawkins",
   "players": [],
   "points": 0.0,
   "owner": null
  }
 },
 {
  "pk": 10,
  "model": "user.playergroup",
  "fields": {
   "name": "315CA",
   "parent": 3,
   "title": "Academia Euclid",
   "players": [],
   "points": 0.0,
   "owner": null
  }
 },
 {
  "pk": 11,
  "model": "user.playergroup",
  "fields": {
   "name": "311CB",
   "parent": 4,
   "title": "Casa Shamal",
   "players": [],
   "points": 0.0,
   "owner": null
  }
 },
 {
  "pk": 12,
  "model": "user.playergroup",
  "fields": {
   "name": "312CB",
   "parent": 4,
   "title": "Casa Borras",
   "players": [],
   "points": 0.0,
   "owner": null
  }
 },
 {
  "pk": 13,
  "model": "user.playergroup",
  "fields": {
   "name": "313CB",
   "parent": 4,
   "title": "Casa Leste",
   "players": [],
   "points": 0.0,
   "owner": null
  }
 },
 {
  "pk": 14,
  "model": "user.playergroup",
  "fields": {
   "name": "314CB",
   "parent": 4,
   "title": "Casa Mistral",
   "players": [],
   "points": 0.0,
   "owner": null
  }
 },
 {
  "pk": 15,
  "model": "user.playergroup",
  "fields": {
   "name": "315CB",
   "parent": 4,
   "title": "Casa Etesian",
   "players": [],
   "points": 0.0,
   "owner": null
  }
 }
]