[{"pk": 1, "model": "auth.user", "fields": {"username": "sef", "first_name": "\u0218efu' ", "last_name": "Mare", "is_active": true, "is_superuser": true, "is_staff": true, "last_login": "2011-03-27 08:46:20", "groups": [], "user_permissions": [], "password": "sha1$7147d$d9b68942fa9da2b36c1354b2a7ce2429f2e692ea", "email": "sef@wouso.ro", "date_joined": "2011-03-13 17:49:58"}}, {"pk": 2, "model": "auth.user", "fields": {"username": "sef1", "first_name": "\u0218efu'", "last_name": "2", "is_active": true, "is_superuser": false, "is_staff": true, "last_login": "2011-03-20 05:12:31", "groups": [], "user_permissions": [], "password": "sha1$05cce$b25bee775491e3a8ffaf70a6d95ed2f7ea1c286a", "email": "sef2@wouso.ro", "date_joined": "2011-03-20 05:12:31"}}, {"pk": 3, "model": "auth.user", "fields": {"username": "sef2", "first_name": "\u0218efu'", "last_name": "3", "is_active": true, "is_superuser": true, "is_staff": true, "last_login": "2011-03-20 05:12:44", "groups": [], "user_permissions": [], "password": "sha1$660f6$61a9f23e002be4d0a09ee36befae86f7c5eb63b7", "email": "sef3@wouso.ro", "date_joined": "2011-03-20 05:12:44"}}, {"pk": 4, "model": "auth.user", "fields": {"username": "admin1", "first_name": "Admin", "last_name": "1", "is_active": true, "is_superuser": false, "is_staff": true, "last_login": "2011-03-20 05:14:00", "groups": [], "user_permissions": [49, 50, 51, 10, 11, 12, 55, 56, 57, 52, 53, 54], "password": "sha1$a3826$15915530ed42fb5844c960b9285c86d232fe03d2", "email": "admin1@wouso.ro", "date_joined": "2011-03-20 05:14:00"}}, {"pk": 5, "model": "auth.user", "fields": {"username": "admin2", "first_name": "Admin", "last_name": "2", "is_active": true, "is_superuser": false, "is_staff": true, "last_login": "2011-03-20 05:14:09", "groups": [], "user_permissions": [49, 50, 51, 4, 5, 6, 55, 56, 57, 52, 53, 54], "password": "sha1$4c6a3$e8c5f7bace4c4d803a3711968595148a6eeffac0", "email": "admin2@wouso.ro", "date_joined": "2011-03-20 05:14:09"}}, {"pk": 6, "model": "auth.user", "fields": {"username": "admin3", "first_name": "Admin", "last_name": "3", "is_active": true, "is_superuser": false, "is_staff": true, "last_login": "2011-03-20 05:14:16", "groups": [], "user_permissions": [49, 50, 51, 4, 5, 6, 55, 56, 57, 52, 53, 54], "password": "sha1$0afcc$04d5606ec428328b094f19d7f9d770f3ef1bc10f", "email": "admin3@wouso.ro", "date_joined": "2011-03-20 05:14:16"}}, {"pk": 7, "model": "auth.user", "fields": {"username": "admin4", "first_name": "Admin", "last_name": "4", "is_active": true, "is_superuser": false, "is_staff": true, "last_login": "2011-03-20 05:14:23", "groups": [], "user_permissions": [49, 50, 51, 10, 11, 12, 55, 56, 57, 52, 53, 54], "password": "sha1$da0e5$de97afd83cd97f2820263f1c42f8641c2f7e838c", "email": "admin4@wouso.ro", "date_joined": "2011-03-20 05:14:23"}}, {"pk": 8, "model": "auth.user", "fields": {"username": "admin5", "first_name": "Admin", "last_name": "5", "is_active": true, "is_superuser": false, "is_staff": true, "last_login": "2011-03-20 05:14:35", "groups": [], "user_permissions": [49, 50, 51, 4, 5, 6, 55, 56, 57, 52, 53, 54], "password": "sha1$9cb46$b15e953be5ef3c336c5de207563f460a2ca874f7", "email": "admin5@wouso.ro", "date_joined": "2011-03-20 05:14:35"}}, {"pk": 9, "model": "auth.user", "fields": {"username": "user1", "first_name": "User", "last_name": "1", "is_active": true, "is_superuser": false, "is_staff": false, "last_login": "2011-03-20 05:14:48", "groups": [], "user_permissions": [], "password": "sha1$7869b$9c5c3486bd0b333b8d87ded6201eacf304bdfd09", "email": "user1@wouso.ro", "date_joined": "2011-03-20 05:14:48"}}, {"pk": 10, "model": "auth.user", "fields": {"username": "user2", "first_name": "User", "last_name": "2", "is_active": true, "is_superuser": false, "is_staff": false, "last_login": "2011-03-20 05:14:53", "groups": [], "user_permissions": [], "password": "sha1$b0d73$f8fa4606d2e0197d3ebd0d5765cea2bccde6003f", "email": "user2@wouso.ro", "date_joined": "2011-03-20 05:14:53"}}, {"pk": 11, "model": "auth.user", "fields": {"username": "user3", "first_name": "User", "last_name": "3", "is_active": true, "is_superuser": false, "is_staff": false, "last_login": "2011-03-20 05:15:03", "groups": [], "user_permissions": [], "password": "sha1$fea52$b4a4c91cd4d0ea8c3b7a676f21f332141870a4cc", "email": "user3@wouso.ro", "date_joined": "2011-03-20 05:15:03"}}, {"pk": 12, "model": "auth.user", "fields": {"username": "user4", "first_name": "User", "last_name": "4", "is_active": false, "is_superuser": false, "is_staff": false, "last_login": "2011-03-20 05:15:09", "groups": [], "user_permissions": [], "password": "sha1$1d00e$6d5d19db670ec338fa633efd84695eb401902cc2", "email": "user4@wouso.ro", "date_joined": "2011-03-20 05:15:09"}}, {"pk": 13, "model": "auth.user", "fields": {"username": "user5", "first_name": "User", "last_name": "5", "is_active": true, "is_superuser": false, "is_staff": false, "last_login": "2011-03-20 05:15:16", "groups": [], "user_permissions": [], "password": "sha1$18597$dc5d55e87ec575cd9ada52b810c05789ed50415c", "email": "user5@wouso.ro", "date_joined": "2011-03-20 05:15:16"}}, {"pk": 14, "model": "auth.user", "fields": {"username": "user6", "first_name": "user", "last_name": "6", "is_active": true, "is_superuser": false, "is_staff": false, "last_login": "2011-03-20 05:15:22", "groups": [], "user_permissions": [], "password": "sha1$f2686$f08b2e24111f7f1682a39d5e7e80acb4a00cd621", "email": "user6@wouso.ro", "date_joined": "2011-03-20 05:15:22"}}, {"pk": 15, "model": "auth.user", "fields": {"username": "user7", "first_name": "User", "last_name": "7", "is_active": true, "is_superuser": false, "is_staff": false, "last_login": "2011-03-20 05:15:28", "groups": [], "user_permissions": [], "password": "sha1$7430b$f065438cff26862b66ce67bb494bbb84f2f3b9eb", "email": "user7@wouso.ro", "date_joined": "2011-03-20 05:15:28"}}, {"pk": 16, "model": "auth.user", "fields": {"username": "user8", "first_name": "User", "last_name": "8", "is_active": true, "is_superuser": false, "is_staff": false, "last_login": "2011-03-20 05:15:35", "groups": [], "user_permissions": [], "password": "sha1$922fd$3bf6c75f688af61d4f90d6e1e54653e48035db4b", "email": "user8@wouso.ro", "date_joined": "2011-03-20 05:15:35"}}, {"pk": 17, "model": "auth.user", "fields": {"username": "user9", "first_name": "User", "last_name": "9", "is_active": true, "is_superuser": false, "is_staff": false, "last_login": "2011-03-20 05:15:46", "groups": [], "user_permissions": [], "password": "sha1$39ab2$1848ad0eb670dd9d3debe63c718031a108a40233", "email": "user9@wouso.ro", "date_joined": "2011-03-20 05:15:46"}}, {"pk": 18, "model": "auth.user", "fields": {"username": "user10", "first_name": "User", "last_name": "10", "is_active": true, "is_superuser": false, "is_staff": false, "last_login": "2011-03-20 05:16:18", "groups": [], "user_permissions": [], "password": "sha1$2ff0f$519a4f9c13150510138d7bce22b497dd2cbb5fa5", "email": "user10@wouso.ro", "date_joined": "2011-03-20 05:16:18"}}, {"pk": 19, "model": "auth.user", "fields": {"username": "user11", "first_name": "User", "last_name": "11", "is_active": true, "is_superuser": false, "is_staff": false, "last_login": "2011-03-20 05:16:25", "groups": [], "user_permissions": [], "password": "sha1$5a55f$d7dfe28659e995db73d2563eb4e1e6029705792a", "email": "user11@wouso.ro", "date_joined": "2011-03-20 05:16:25"}}, {"pk": 20, "model": "auth.user", "fields": {"username": "user12", "first_name": "user", "last_name": "12", "is_active": false, "is_superuser": false, "is_staff": false, "last_login": "2011-03-20 05:16:31", "groups": [], "user_permissions": [], "password": "sha1$3c6ca$ce32278926b329d68358138fe0a5a66e6fb2308b", "email": "user12@wouso.ro", "date_joined": "2011-03-20 05:16:31"}}, {"pk": 1, "model": "qpool.tag", "fields": {"type": "default", "name": "quest"}}, {"pk": 2, "model": "qpool.tag", "fields": {"type": "default", "name": "qotd"}}, {"pk": 1, "model": "qpool.question", "fields": {"code": "", "proposed_by": 1, "tags": [2], "text": "Which is the codename of current WoUSO devel version?", "endorsed_by": null, "answer_type": "R", "active": true, "type": "S"}}, {"pk": 2, "model": "qpool.question", "fields": {"code": "", "proposed_by": 1, "tags": [], "text": "Dac\u0103 utilizatorul <tt>student</tt> creeaz\u0103 un fi\u0219ier folosind comanda <tt>touch fisier</tt>, iar umask este setat la 0257, pentru ce utilizatori va func\u021biona comanda <tt>echo \"bla\" > fi\u0219ier</tt>?", "endorsed_by": null, "answer_type": "R", "active": true, "type": "S"}}, {"pk": 3, "model": "qpool.question", "fields": {"code": "", "proposed_by": 1, "tags": [1], "text": "Care este echivalentul numeric al permisiunilor <tt>rwxr-----</tt>?", "endorsed_by": null, "answer_type": "R", "active": true, "type": "S"}}, {"pk": 4, "model": "qpool.question", "fields": {"code": "", "proposed_by": 1, "tags": [1], "text": "Care este UID-ul utilizatorului root pe un sistem Linux?", "endorsed_by": null, "answer_type": "R", "active": true, "type": "S"}}, {"pk": 5, "model": "qpool.question", "fields": {"code": "", "proposed_by": 1, "tags": [], "text": "Daca utilizatorul \"student\" creeaza un fisier cu comanda <tt>touch fisier</tt>, iar umask este setat la 0257, cine va putea edita fisierul ?", "endorsed_by": null, "answer_type": "R", "active": true, "type": "S"}}, {"pk": 6, "model": "qpool.question", "fields": {"code": "", "proposed_by": 1, "tags": [], "text": "In lumea UNIX un proces poate avea un singur proces parinte. In momentul in care parintele este omorat printr-ul semnal SIGKILL, procesul copil", "endorsed_by": null, "answer_type": "R", "active": true, "type": "S"}}, {"pk": 7, "model": "qpool.question", "fields": {"code": "", "proposed_by": 1, "tags": [], "text": "Care din comenzile de mai jos afisaza terminalul utilizat de demonul x.", "endorsed_by": null, "answer_type": "R", "active": true, "type": "S"}}, {"pk": 8, "model": "qpool.question", "fields": {"code": "", "proposed_by": 1, "tags": [], "text": "Care este comanda prin care se schimba runlevel-ul curent la 3?", "endorsed_by": null, "answer_type": "R", "active": true, "type": "S"}}, {"pk": 9, "model": "qpool.question", "fields": {"code": "", "proposed_by": 1, "tags": [], "text": "Care din urmatoarele comenzi nu au ca optiune -a?", "endorsed_by": null, "answer_type": "R", "active": true, "type": "S"}}, {"pk": 10, "model": "qpool.question", "fields": {"code": "", "proposed_by": 1, "tags": [1], "text": "Cati utilizatori dintr-un sistem de operare Ubuntu pot folosi comanda \"sudo adduser\"?", "endorsed_by": null, "answer_type": "R", "active": true, "type": "S"}}, {"pk": 11, "model": "qpool.question", "fields": {"code": "", "proposed_by": 1, "tags": [], "text": "Cate statii dintr-o retea locala functionala pot avea adresa 192.168.0.32/24?", "endorsed_by": null, "answer_type": "R", "active": true, "type": "S"}}, {"pk": 12, "model": "qpool.question", "fields": {"code": "", "proposed_by": 1, "tags": [], "text": "Care comanda nu este legata direct de lucrul cu procese?", "endorsed_by": null, "answer_type": "R", "active": true, "type": "S"}}, {"pk": 13, "model": "qpool.question", "fields": {"code": "", "proposed_by": 1, "tags": [], "text": "Care din urmatoarele NU este un drept de acces pe o intrare in sistemele de fisiere Unix?", "endorsed_by": null, "answer_type": "R", "active": true, "type": "S"}}, {"pk": 14, "model": "qpool.question", "fields": {"code": "", "proposed_by": 1, "tags": [], "text": "Pe ce port asculta implicit conexiuni un server de <tt>SSH</tt>?", "endorsed_by": null, "answer_type": "R", "active": true, "type": "S"}}, {"pk": 15, "model": "qpool.question", "fields": {"code": "", "proposed_by": 1, "tags": [], "text": "Care este sintaxa corecta pentru conectarea utilizatorului <tt>bob</tt> la masina cu adresa <tt>192.168.5.4</tt>?", "endorsed_by": null, "answer_type": "R", "active": true, "type": "S"}}, {"pk": 16, "model": "qpool.question", "fields": {"code": "", "proposed_by": 1, "tags": [], "text": "Care dintre urmatoarele utilitare permite descarcarea neinteractiva folosind HTTP?", "endorsed_by": null, "answer_type": "R", "active": true, "type": "S"}}, {"pk": 17, "model": "qpool.question", "fields": {"code": "", "proposed_by": 1, "tags": [], "text": "Care dintre urmatoarele protocoale este responsabil cu trimiterea mesajelor email?", "endorsed_by": null, "answer_type": "R", "active": true, "type": "S"}}, {"pk": 18, "model": "qpool.question", "fields": {"code": "", "proposed_by": 1, "tags": [], "text": "Fie variabilele $nume=\"gigi\" si $nuamr=27. Ce afisaza echo echo \"$nume\\$numar\"00'$nume' ?", "endorsed_by": null, "answer_type": "R", "active": true, "type": "S"}}, {"pk": 19, "model": "qpool.question", "fields": {"code": "", "proposed_by": 1, "tags": [2], "text": "Cati parametri poate avea un script bash?", "endorsed_by": null, "answer_type": "R", "active": true, "type": "S"}}, {"pk": 20, "model": "qpool.question", "fields": {"code": "", "proposed_by": 1, "tags": [2], "text": "Care din comenziile de mai jos sunt comenzi interne:", "endorsed_by": null, "answer_type": "R", "active": true, "type": "S"}}, {"pk": 1, "model": "qpool.answer", "fields": {"text": "Piranha", "explanation": "good :)", "question": 1, "correct": true}}, {"pk": 2, "model": "qpool.answer", "fields": {"text": "4", "explanation": "see logo :)", "question": 1, "correct": false}}, {"pk": 3, "model": "qpool.answer", "fields": {"text": "no codename", "explanation": "see logo :)", "question": 1, "correct": false}}, {"pk": 4, "model": "qpool.answer", "fields": {"text": "nom nom nom", "explanation": "see logo :)", "question": 1, "correct": false}}, {"pk": 5, "model": "qpool.answer", "fields": {"text": "membrii grupului de care apar\u021bine fi\u0219ierul", "explanation": "blank", "question": 2, "correct": true}}, {"pk": 6, "model": "qpool.answer", "fields": {"text": "utilizatorul \"student\"", "explanation": "blank", "question": 2, "correct": false}}, {"pk": 7, "model": "qpool.answer", "fields": {"text": "pentru nici un utilizator", "explanation": "blank", "question": 2, "correct": false}}, {"pk": 8, "model": "qpool.answer", "fields": {"text": "oricine", "explanation": "blank", "question": 2, "correct": false}}, {"pk": 9, "model": "qpool.answer", "fields": {"text": "740", "explanation": "blank", "question": 3, "correct": false}}, {"pk": 10, "model": "qpool.answer", "fields": {"text": "640", "explanation": "blank", "question": 3, "correct": false}}, {"pk": 11, "model": "qpool.answer", "fields": {"text": "720", "explanation": "blank", "question": 3, "correct": false}}, {"pk": 12, "model": "qpool.answer", "fields": {"text": "037", "explanation": "blank", "question": 3, "correct": false}}, {"pk": 13, "model": "qpool.answer", "fields": {"text": "1", "explanation": "", "question": 4, "correct": false}}, {"pk": 14, "model": "qpool.answer", "fields": {"text": "0xdeadbeef", "explanation": "", "question": 4, "correct": false}}, {"pk": 15, "model": "qpool.answer", "fields": {"text": "0", "explanation": "", "question": 4, "correct": true}}, {"pk": 16, "model": "qpool.answer", "fields": {"text": "42", "explanation": "", "question": 4, "correct": false}}, {"pk": 17, "model": "qpool.answer", "fields": {"text": "membrii grupului de care apartine fisierul", "explanation": "blank", "question": 5, "correct": true}}, {"pk": 18, "model": "qpool.answer", "fields": {"text": "utilizatorul \"student\"", "explanation": "blank", "question": 5, "correct": false}}, {"pk": 19, "model": "qpool.answer", "fields": {"text": "nu va putea fi editat", "explanation": "blank", "question": 5, "correct": false}}, {"pk": 20, "model": "qpool.answer", "fields": {"text": "oricine", "explanation": "blank", "question": 5, "correct": false}}, {"pk": 21, "model": "qpool.answer", "fields": {"text": "este automat omorat si el", "explanation": "blank", "question": 6, "correct": false}}, {"pk": 22, "model": "qpool.answer", "fields": {"text": "devine orfan, isi termina executia, fara a fi adoptat de nimeni", "explanation": "blank", "question": 6, "correct": false}}, {"pk": 23, "model": "qpool.answer", "fields": {"text": "devine orfan si este automat adoptat de parintele parintelui (bunicul procesului)", "explanation": "blank", "question": 6, "correct": false}}, {"pk": 24, "model": "qpool.answer", "fields": {"text": "devine orfan si este automat adoptat de procesul \"init\"", "explanation": "blank", "question": 6, "correct": true}}, {"pk": 25, "model": "qpool.answer", "fields": {"text": "ps -e | grep x", "explanation": "blank", "question": 7, "correct": true}}, {"pk": 26, "model": "qpool.answer", "fields": {"text": "ps -o tty | pgrep x", "explanation": "blank", "question": 7, "correct": false}}, {"pk": 27, "model": "qpool.answer", "fields": {"text": "ps -eo tty | grep x", "explanation": "blank", "question": 7, "correct": false}}, {"pk": 28, "model": "qpool.answer", "fields": {"text": "ps -eo tty | pgrep x", "explanation": "blank", "question": 7, "correct": false}}, {"pk": 29, "model": "qpool.answer", "fields": {"text": "<tt>runlevel 3</tt>", "explanation": "blank", "question": 8, "correct": false}}, {"pk": 30, "model": "qpool.answer", "fields": {"text": "<tt>sysv-rc-conf 3</tt>", "explanation": "blank", "question": 8, "correct": false}}, {"pk": 31, "model": "qpool.answer", "fields": {"text": "<tt>telinit 3</tt>", "explanation": "blank", "question": 8, "correct": true}}, {"pk": 32, "model": "qpool.answer", "fields": {"text": "<tt>cd /etc/rc3.d</tt>", "explanation": "blank", "question": 8, "correct": false}}, {"pk": 33, "model": "qpool.answer", "fields": {"text": "top", "explanation": "blank", "question": 9, "correct": true}}, {"pk": 34, "model": "qpool.answer", "fields": {"text": "man", "explanation": "blank", "question": 9, "correct": false}}, {"pk": 35, "model": "qpool.answer", "fields": {"text": "ls", "explanation": "blank", "question": 9, "correct": false}}, {"pk": 36, "model": "qpool.answer", "fields": {"text": "ps", "explanation": "blank", "question": 9, "correct": false}}, {"pk": 37, "model": "qpool.answer", "fields": {"text": "oricati", "explanation": "", "question": 10, "correct": true}}, {"pk": 38, "model": "qpool.answer", "fields": {"text": "unul singur", "explanation": "", "question": 10, "correct": false}}, {"pk": 39, "model": "qpool.answer", "fields": {"text": "nici unul", "explanation": "", "question": 10, "correct": false}}, {"pk": 40, "model": "qpool.answer", "fields": {"text": "cate unul pentur fiecare partitie", "explanation": "", "question": 10, "correct": false}}, {"pk": 41, "model": "qpool.answer", "fields": {"text": "una singura", "explanation": "", "question": 11, "correct": true}}, {"pk": 42, "model": "qpool.answer", "fields": {"text": "oricate", "explanation": "", "question": 11, "correct": false}}, {"pk": 43, "model": "qpool.answer", "fields": {"text": "niciuna", "explanation": "", "question": 11, "correct": false}}, {"pk": 44, "model": "qpool.answer", "fields": {"text": "cate una pentru fiecare switch", "explanation": "", "question": 11, "correct": false}}, {"pk": 45, "model": "qpool.answer", "fields": {"text": "dd", "explanation": "", "question": 12, "correct": true}}, {"pk": 46, "model": "qpool.answer", "fields": {"text": "ps", "explanation": "", "question": 12, "correct": false}}, {"pk": 47, "model": "qpool.answer", "fields": {"text": "top", "explanation": "", "question": 12, "correct": false}}, {"pk": 48, "model": "qpool.answer", "fields": {"text": "pstree", "explanation": "", "question": 12, "correct": false}}, {"pk": 49, "model": "qpool.answer", "fields": {"text": "read", "explanation": "", "question": 13, "correct": false}}, {"pk": 50, "model": "qpool.answer", "fields": {"text": "write", "explanation": "", "question": 13, "correct": false}}, {"pk": 51, "model": "qpool.answer", "fields": {"text": "execute", "explanation": "", "question": 13, "correct": false}}, {"pk": 52, "model": "qpool.answer", "fields": {"text": "delete", "explanation": "", "question": 13, "correct": true}}, {"pk": 53, "model": "qpool.answer", "fields": {"text": "22", "explanation": "", "question": 14, "correct": true}}, {"pk": 54, "model": "qpool.answer", "fields": {"text": "21", "explanation": "", "question": 14, "correct": false}}, {"pk": 55, "model": "qpool.answer", "fields": {"text": "23", "explanation": "", "question": 14, "correct": false}}, {"pk": 56, "model": "qpool.answer", "fields": {"text": "25", "explanation": "", "question": 14, "correct": false}}, {"pk": 57, "model": "qpool.answer", "fields": {"text": "<tt>ssh bob@192.168.5.4</tt>", "explanation": "", "question": 15, "correct": true}}, {"pk": 58, "model": "qpool.answer", "fields": {"text": "<tt>ssh bob&192.168.5.4</tt>", "explanation": "", "question": 15, "correct": false}}, {"pk": 59, "model": "qpool.answer", "fields": {"text": "<tt>ssh bob 192.168.5.4</tt>", "explanation": "", "question": 15, "correct": false}}, {"pk": 60, "model": "qpool.answer", "fields": {"text": "<tt>ssh 192.168.5.4:bob</tt>", "explanation": "", "question": 15, "correct": false}}, {"pk": 61, "model": "qpool.answer", "fields": {"text": "<tt>wget</tt>", "explanation": "", "question": 16, "correct": true}}, {"pk": 62, "model": "qpool.answer", "fields": {"text": "<tt>firefox</tt>", "explanation": "", "question": 16, "correct": false}}, {"pk": 63, "model": "qpool.answer", "fields": {"text": "<tt>elinks</tt>", "explanation": "", "question": 16, "correct": false}}, {"pk": 64, "model": "qpool.answer", "fields": {"text": "<tt>dillo</tt>", "explanation": "", "question": 16, "correct": false}}, {"pk": 65, "model": "qpool.answer", "fields": {"text": "<tt>SMTP</tt>", "explanation": "", "question": 17, "correct": true}}, {"pk": 66, "model": "qpool.answer", "fields": {"text": "<tt>IMAP</tt>", "explanation": "", "question": 17, "correct": false}}, {"pk": 67, "model": "qpool.answer", "fields": {"text": "<tt>POP</tt>", "explanation": "", "question": 17, "correct": false}}, {"pk": 68, "model": "qpool.answer", "fields": {"text": "<tt>SSH</tt>", "explanation": "", "question": 17, "correct": false}}, {"pk": 69, "model": "qpool.answer", "fields": {"text": "gigi\\2700gigi", "explanation": "", "question": 18, "correct": false}}, {"pk": 70, "model": "qpool.answer", "fields": {"text": "gigi$numar00$nume", "explanation": "", "question": 18, "correct": true}}, {"pk": 71, "model": "qpool.answer", "fields": {"text": "gigi\\2700$nume", "explanation": "", "question": 18, "correct": false}}, {"pk": 72, "model": "qpool.answer", "fields": {"text": "gigi$numar00gigi", "explanation": "", "question": 18, "correct": false}}, {"pk": 73, "model": "qpool.answer", "fields": {"text": "oricati", "explanation": "", "question": 19, "correct": true}}, {"pk": 74, "model": "qpool.answer", "fields": {"text": "99", "explanation": "", "question": 19, "correct": false}}, {"pk": 75, "model": "qpool.answer", "fields": {"text": "9", "explanation": "", "question": 19, "correct": false}}, {"pk": 76, "model": "qpool.answer", "fields": {"text": "1", "explanation": "", "question": 19, "correct": false}}, {"pk": 77, "model": "qpool.answer", "fields": {"text": "cd", "explanation": "", "question": 20, "correct": true}}, {"pk": 78, "model": "qpool.answer", "fields": {"text": "chmod", "explanation": "", "question": 20, "correct": false}}, {"pk": 79, "model": "qpool.answer", "fields": {"text": "ls", "explanation": "", "question": 20, "correct": false}}, {"pk": 80, "model": "qpool.answer", "fields": {"text": "file", "explanation": "", "question": 20, "correct": false}}, {"pk": 1, "model": "artifacts.group", "fields": {"name": "test"}}, {"pk": 2, "model": "artifacts.group", "fields": {"name": "Default"}}, {"pk": 1, "model": "artifacts.artifact", "fields": {"image": "", "group": 1, "name": "test", "title": "tester artefact"}}, {"pk": 2, "model": "artifacts.artifact", "fields": {"image": "", "group": 2, "name": "level-1", "title": "Level 1"}}, {"pk": 3, "model": "artifacts.artifact", "fields": {"image": "", "group": 2, "name": "level-2", "title": "Level 2"}}, {"pk": 4, "model": "artifacts.artifact", "fields": {"image": "", "group": 2, "name": "level-3", "title": "Level 3"}}, {"pk": 5, "model": "artifacts.artifact", "fields": {"image": "", "group": 2, "name": "level-4", "title": "Level 4"}}, {"pk": 6, "model": "artifacts.artifact", "fields": {"image": "", "group": 2, "name": "level-5", "title": "Level 5"}}, {"pk": 7, "model": "artifacts.artifact", "fields": {"image": "", "group": 2, "name": "level-6", "title": "Level 6"}}, {"pk": 8, "model": "artifacts.artifact", "fields": {"image": "", "group": 2, "name": "level-7", "title": "Level 7"}}, {"pk": 1, "model": "quest.quest", "fields": {"start": "2011-03-26 23:14:09", "max_levels": 0, "end": "2012-03-26 23:14:10", "questions": [3, 4, 10], "title": "dutem\u0103"}}]